spacer_id,region,sequence,genomic_coordinate,GC_content,PAM,strand
0,custom-0,CCCTGAATATTTTCTAGCCATCGCGCACCCAT,76903,50.0,CC,fw
1,custom-0,TCGCTGCCATTATACTCACAATCACATCGAGT,78530,43.75,CC,rv
2,custom-0,CCCCCCTCGAATGTTACTTTTGTACTATATAT,78077,37.5,CC,rv
3,custom-0,AATAAAAATCATCGCACCCTCTCCCACACTGA,77423,43.75,CC,rv
4,custom-0,CCTGAATATTTTCTAGCCATCGCGCACCCATC,76904,50.0,CC,fw
5,custom-0,CTGAATATTTTCTAGCCATCGCGCACCCATCT,76905,46.875,CC,fw
6,custom-0,TGAATATTTTCTAGCCATCGCGCACCCATCTC,76906,46.875,CC,fw
7,custom-0,ATCGCGCACCCATCTCTAAATCGCGCAACGAC,76922,56.25,CC,fw
8,custom-0,CATCTCTAAATCGCGCAACGACTTGATCAATG,76932,43.75,CC,fw
9,custom-0,ATCTCTAAATCGCGCAACGACTTGATCAATGT,76933,40.625,CC,fw
10,custom-0,CTCTCCCACACTGACAATACATCTATTTCCCC,77405,46.875,CC,rv
11,custom-0,TCTCCCACACTGACAATACATCTATTTCCCCA,77404,43.75,CC,rv
12,custom-0,CACACTGACAATACATCTATTTCCCCAAGTAT,77399,37.5,CC,rv
